Repository Name,Date Of Event,Doc Class Name,Total Msgs,Total Size In MB,Exported Date,Email Sent Date
carlsbad.branch.h.sv.schwab,2023-08-01,=EMAIL=,3,0.00,2023-08-02 21:51,2023-08-01 - 2023-08-01
executiveservices.sv.schwab,2023-08-01,=EMAIL=,1,0.00,2023-08-02 21:51,2023-08-01 - 2023-08-01
fax.advice.schwab,2023-08-01,=EMAIL=,114,0.06,2023-08-02 21:51,2023-08-01 - 2023-08-01
fax.advice.schwab,2023-08-01,MAILINGLIST,12,0.01,2023-08-02 21:51,2023-08-01 - 2023-08-01
fax.branch.schwab,2023-08-01,=EMAIL=,501,0.26,2023-08-02 21:51,2023-08-01 - 2023-08-01
fax.branch.schwab,2023-08-01,MAILINGLIST,36,0.02,2023-08-02 21:51,2023-08-01 - 2023-08-01
misc.mailouts.schwab,2023-08-01,=EMAIL=,2673828,140659.22,2023-08-02 21:51,2023-08-01 - 2023-08-01
misc.mailouts.schwab,2023-08-01,MAILINGLIST,619687,905.51,2023-08-02 21:51,2023-08-01 - 2023-08-01
rrrpsclepsd.sv.schwab,2023-08-01,=EMAIL=,1,0.00,2023-08-02 21:51,2023-08-01 - 2023-08-01
schwab.dom.repository,2023-08-01,=EMAIL=,927889,33554.96,2023-08-02 21:51,2023-08-01 - 2023-08-01
sps.external.email.sv.schwab,2023-08-01,=EMAIL=,1,0.00,2023-08-02 21:51,2023-08-01 - 2023-08-01
carlsbad.branch.h.sv.schwab,2023-07-31,=EMAIL=,1,0.00,2023-08-02 21:52,2023-07-31 - 2023-07-31
fax.advice.schwab,2023-07-31,=EMAIL=,31,0.02,2023-08-02 21:52,2023-07-31 - 2023-07-31
fax.advice.schwab,2023-07-31,MAILINGLIST,36,0.02,2023-08-02 21:52,2023-07-31 - 2023-07-31
fax.branch.schwab,2023-07-31,=EMAIL=,167,0.09,2023-08-02 21:52,2023-07-31 - 2023-07-31
fax.branch.schwab,2023-07-31,MAILINGLIST,96,0.04,2023-08-02 21:52,2023-07-31 - 2023-07-31
misc.mailouts.schwab,2023-07-31,=EMAIL=,1234515,77793.53,2023-08-02 21:52,2023-07-31 - 2023-07-31
misc.mailouts.schwab,2023-07-31,MAILINGLIST,2347173,3416.35,2023-08-02 21:52,2023-07-31 - 2023-07-31
schwab.dom.repository,2023-07-31,=EMAIL=,921310,29328.57,2023-08-02 21:52,2023-07-31 - 2023-07-31
carlsbad.branch.h.sv.schwab,2023-07-30,MAILINGLIST,1,0.00,2023-08-02 21:53,2023-07-30 - 2023-07-30
fax.advice.schwab,2023-07-30,=EMAIL=,3,0.00,2023-08-02 21:53,2023-07-30 - 2023-07-30
fax.advice.schwab,2023-07-30,MAILINGLIST,28,0.01,2023-08-02 21:53,2023-07-30 - 2023-07-30
fax.branch.schwab,2023-07-30,=EMAIL=,9,0.00,2023-08-02 21:53,2023-07-30 - 2023-07-30
fax.branch.schwab,2023-07-30,MAILINGLIST,118,0.05,2023-08-02 21:53,2023-07-30 - 2023-07-30
misc.mailouts.schwab,2023-07-30,=EMAIL=,219398,5876.84,2023-08-02 21:53,2023-07-30 - 2023-07-30
misc.mailouts.schwab,2023-07-30,MAILINGLIST,2677456,3905.07,2023-08-02 21:53,2023-07-30 - 2023-07-30
schwab.dom.repository,2023-07-30,=EMAIL=,31807,1063.47,2023-08-02 21:53,2023-07-30 - 2023-07-30
executiveservices.sv.schwab,2023-07-29,MAILINGLIST,1,0.00,2023-08-02 21:54,2023-07-29 - 2023-07-29
fax.advice.schwab,2023-07-29,=EMAIL=,33,0.02,2023-08-02 21:54,2023-07-29 - 2023-07-29
fax.advice.schwab,2023-07-29,MAILINGLIST,18,0.01,2023-08-02 21:54,2023-07-29 - 2023-07-29
fax.branch.schwab,2023-07-29,=EMAIL=,99,0.05,2023-08-02 21:54,2023-07-29 - 2023-07-29
fax.branch.schwab,2023-07-29,MAILINGLIST,93,0.04,2023-08-02 21:54,2023-07-29 - 2023-07-29
misc.mailouts.schwab,2023-07-29,=EMAIL=,852497,64555.60,2023-08-02 21:54,2023-07-29 - 2023-07-29
misc.mailouts.schwab,2023-07-29,MAILINGLIST,3651769,5302.80,2023-08-02 21:54,2023-07-29 - 2023-07-29
schwab.dom.repository,2023-07-29,=EMAIL=,122568,5214.85,2023-08-02 21:54,2023-07-29 - 2023-07-29
carlsbad.branch.h.sv.schwab,2023-07-28,=EMAIL=,1,0.00,2023-08-02 21:55,2023-07-28 - 2023-07-28
carlsbad.branch.h.sv.schwab,2023-07-28,MAILINGLIST,1,0.00,2023-08-02 21:55,2023-07-28 - 2023-07-28
fax.advice.schwab,2023-07-28,=EMAIL=,81,0.04,2023-08-02 21:55,2023-07-28 - 2023-07-28
fax.advice.schwab,2023-07-28,MAILINGLIST,21,0.01,2023-08-02 21:55,2023-07-28 - 2023-07-28
fax.branch.schwab,2023-07-28,=EMAIL=,296,0.15,2023-08-02 21:55,2023-07-28 - 2023-07-28
fax.branch.schwab,2023-07-28,MAILINGLIST,102,0.05,2023-08-02 21:55,2023-07-28 - 2023-07-28
misc.mailouts.schwab,2023-07-28,=EMAIL=,2450098,156759.34,2023-08-02 21:55,2023-07-28 - 2023-07-28
misc.mailouts.schwab,2023-07-28,MAILINGLIST,2061087,3000.57,2023-08-02 21:55,2023-07-28 - 2023-07-28
schwab.dom.repository,2023-07-28,=EMAIL=,292066,11397.45,2023-08-02 21:55,2023-07-28 - 2023-07-28
spsdenvertrading.sv.schwab,2023-07-28,MAILINGLIST,1,0.00,2023-08-02 21:55,2023-07-28 - 2023-07-28
carlsbad.branch.h.sv.schwab,2023-07-27,=EMAIL=,3,0.00,2023-08-02 21:56,2023-07-27 - 2023-07-27
executiveservices.sv.schwab,2023-07-27,=EMAIL=,1,0.00,2023-08-02 21:56,2023-07-27 - 2023-07-27
fax.advice.schwab,2023-07-27,=EMAIL=,121,0.06,2023-08-02 21:56,2023-07-27 - 2023-07-27
fax.advice.schwab,2023-07-27,MAILINGLIST,14,0.01,2023-08-02 21:56,2023-07-27 - 2023-07-27
fax.branch.schwab,2023-07-27,=EMAIL=,532,0.28,2023-08-02 21:56,2023-07-27 - 2023-07-27
fax.branch.schwab,2023-07-27,MAILINGLIST,71,0.03,2023-08-02 21:56,2023-07-27 - 2023-07-27
misc.mailouts.schwab,2023-07-27,=EMAIL=,4287042,177685.80,2023-08-02 21:56,2023-07-27 - 2023-07-27
misc.mailouts.schwab,2023-07-27,MAILINGLIST,1687661,2458.82,2023-08-02 21:56,2023-07-27 - 2023-07-27
rrrpsclepsd.sv.schwab,2023-07-27,=EMAIL=,1,0.00,2023-08-02 21:56,2023-07-27 - 2023-07-27
schwab.dom.repository,2023-07-27,=EMAIL=,1613517,69479.29,2023-08-02 21:56,2023-07-27 - 2023-07-27
sps.external.email.sv.schwab,2023-07-27,=EMAIL=,1,0.00,2023-08-02 21:56,2023-07-27 - 2023-07-27
spsdenvertrading.sv.schwab,2023-07-27,=EMAIL=,1,0.00,2023-08-02 21:56,2023-07-27 - 2023-07-27
carlsbad.branch.h.sv.schwab,2023-07-25,=EMAIL=,1,0.00,2023-08-02 21:57,2023-07-25 - 2023-07-25
fax.advice.schwab,2023-07-25,=EMAIL=,97,0.05,2023-08-02 21:57,2023-07-25 - 2023-07-25
fax.advice.schwab,2023-07-25,MAILINGLIST,5,0.00,2023-08-02 21:57,2023-07-25 - 2023-07-25
fax.branch.schwab,2023-07-25,=EMAIL=,351,0.18,2023-08-02 21:57,2023-07-25 - 2023-07-25
fax.branch.schwab,2023-07-25,MAILINGLIST,39,0.02,2023-08-02 21:57,2023-07-25 - 2023-07-25
misc.mailouts.schwab,2023-07-25,=EMAIL=,7320653,124234.88,2023-08-02 21:57,2023-07-25 - 2023-07-25
misc.mailouts.schwab,2023-07-25,MAILINGLIST,693092,1011.28,2023-08-02 21:57,2023-07-25 - 2023-07-25
schwab.dom.repository,2023-07-25,=EMAIL=,3782736,179120.60,2023-08-02 21:57,2023-07-25 - 2023-07-25
sps.external.email.sv.schwab,2023-07-25,MAILINGLIST,1,0.00,2023-08-02 21:57,2023-07-25 - 2023-07-25
carlsbad.branch.h.sv.schwab,2023-07-24,MAILINGLIST,1,0.00,2023-08-02 21:58,2023-07-24 - 2023-07-24
fax.advice.schwab,2023-07-24,=EMAIL=,61,0.03,2023-08-02 21:58,2023-07-24 - 2023-07-24
fax.advice.schwab,2023-07-24,MAILINGLIST,22,0.01,2023-08-02 21:58,2023-07-24 - 2023-07-24
fax.branch.schwab,2023-07-24,=EMAIL=,227,0.12,2023-08-02 21:58,2023-07-24 - 2023-07-24
fax.branch.schwab,2023-07-24,MAILINGLIST,107,0.05,2023-08-02 21:58,2023-07-24 - 2023-07-24
misc.mailouts.schwab,2023-07-24,=EMAIL=,1460004,66471.49,2023-08-02 21:58,2023-07-24 - 2023-07-24
misc.mailouts.schwab,2023-07-24,MAILINGLIST,2333091,3389.62,2023-08-02 21:58,2023-07-24 - 2023-07-24
schwab.dom.repository,2023-07-24,=EMAIL=,611952,25643.60,2023-08-02 21:58,2023-07-24 - 2023-07-24
carlsbad.branch.h.sv.schwab,2023-07-23,MAILINGLIST,1,0.00,2023-08-02 21:59,2023-07-23 - 2023-07-23
fax.advice.schwab,2023-07-23,=EMAIL=,1,0.00,2023-08-02 21:59,2023-07-23 - 2023-07-23
fax.advice.schwab,2023-07-23,MAILINGLIST,36,0.02,2023-08-02 21:59,2023-07-23 - 2023-07-23
fax.branch.schwab,2023-07-23,=EMAIL=,8,0.00,2023-08-02 21:59,2023-07-23 - 2023-07-23
fax.branch.schwab,2023-07-23,MAILINGLIST,119,0.05,2023-08-02 21:59,2023-07-23 - 2023-07-23
misc.mailouts.schwab,2023-07-23,=EMAIL=,223906,13043.36,2023-08-02 21:59,2023-07-23 - 2023-07-23
misc.mailouts.schwab,2023-07-23,MAILINGLIST,2334462,3401.16,2023-08-02 21:59,2023-07-23 - 2023-07-23
schwab.dom.repository,2023-07-23,=EMAIL=,25927,881.36,2023-08-02 21:59,2023-07-23 - 2023-07-23
sps.external.email.sv.schwab,2023-07-23,=EMAIL=,1,0.00,2023-08-02 21:59,2023-07-23 - 2023-07-23
fax.advice.schwab,2023-07-22,=EMAIL=,27,0.01,2023-08-02 22:00,2023-07-22 - 2023-07-22
fax.advice.schwab,2023-07-22,MAILINGLIST,45,0.02,2023-08-02 22:00,2023-07-22 - 2023-07-22
fax.branch.schwab,2023-07-22,=EMAIL=,100,0.05,2023-08-02 22:00,2023-07-22 - 2023-07-22
fax.branch.schwab,2023-07-22,MAILINGLIST,249,0.12,2023-08-02 22:00,2023-07-22 - 2023-07-22
misc.mailouts.schwab,2023-07-22,=EMAIL=,917830,68531.66,2023-08-02 22:00,2023-07-22 - 2023-07-22
misc.mailouts.schwab,2023-07-22,MAILINGLIST,6436790,9537.80,2023-08-02 22:00,2023-07-22 - 2023-07-22
schwab.dom.repository,2023-07-22,=EMAIL=,27165,898.89,2023-08-02 22:00,2023-07-22 - 2023-07-22
carlsbad.branch.h.sv.schwab,2023-07-21,=EMAIL=,400,0.19,2023-08-02 22:01,2023-07-21 - 2023-07-21
fax.advice.schwab,2023-07-21,=EMAIL=,128,0.07,2023-08-02 22:01,2023-07-21 - 2023-07-21
fax.advice.schwab,2023-07-21,MAILINGLIST,13,0.01,2023-08-02 22:01,2023-07-21 - 2023-07-21
fax.branch.schwab,2023-07-21,=EMAIL=,847,0.43,2023-08-02 22:01,2023-07-21 - 2023-07-21
fax.branch.schwab,2023-07-21,MAILINGLIST,37,0.02,2023-08-02 22:01,2023-07-21 - 2023-07-21
misc.mailouts.schwab,2023-07-21,=EMAIL=,11320669,138684.37,2023-08-02 22:01,2023-07-21 - 2023-07-21
misc.mailouts.schwab,2023-07-21,MAILINGLIST,984885,1453.21,2023-08-02 22:01,2023-07-21 - 2023-07-21
rrrpsclepsd.sv.schwab,2023-07-21,=EMAIL=,1,0.00,2023-08-02 22:01,2023-07-21 - 2023-07-21
schwab.dom.repository,2023-07-21,=EMAIL=,350348,13173.77,2023-08-02 22:01,2023-07-21 - 2023-07-21
sps.external.email.sv.schwab,2023-07-21,=EMAIL=,1,0.00,2023-08-02 22:01,2023-07-21 - 2023-07-21
401k.company,2023-07-20,MAILINGLIST,1,0.00,2023-08-02 22:02,2023-07-20 - 2023-07-20
carlsbad.branch.h.sv.schwab,2023-07-20,=EMAIL=,1,0.00,2023-08-02 22:02,2023-07-20 - 2023-07-20
carlsbad.branch.h.sv.schwab,2023-07-20,MAILINGLIST,1,0.00,2023-08-02 22:02,2023-07-20 - 2023-07-20
carlsbad.branch.sv.schwab,2023-07-20,MAILINGLIST,1,0.00,2023-08-02 22:02,2023-07-20 - 2023-07-20
executiveservices.sv.schwab,2023-07-20,MAILINGLIST,2,0.00,2023-08-02 22:02,2023-07-20 - 2023-07-20
fax.advice.schwab,2023-07-20,=EMAIL=,54,0.03,2023-08-02 22:02,2023-07-20 - 2023-07-20
fax.advice.schwab,2023-07-20,MAILINGLIST,204,0.09,2023-08-02 22:02,2023-07-20 - 2023-07-20
fax.branch.schwab,2023-07-20,=EMAIL=,193,0.10,2023-08-02 22:02,2023-07-20 - 2023-07-20
fax.branch.schwab,2023-07-20,MAILINGLIST,651,0.28,2023-08-02 22:02,2023-07-20 - 2023-07-20
misc.mailouts.schwab,2023-07-20,=EMAIL=,1639011,134077.29,2023-08-02 22:02,2023-07-20 - 2023-07-20
misc.mailouts.schwab,2023-07-20,MAILINGLIST,1946046,2834.62,2023-08-02 22:02,2023-07-20 - 2023-07-20
rrrpsclepsd.sv.schwab,2023-07-20,MAILINGLIST,6,0.00,2023-08-02 22:02,2023-07-20 - 2023-07-20
schwab.dom.repository,2023-07-20,=EMAIL=,526843,22740.23,2023-08-02 22:02,2023-07-20 - 2023-07-20
sps.external.email.sv.schwab,2023-07-20,MAILINGLIST,3,0.00,2023-08-02 22:02,2023-07-20 - 2023-07-20
spsdenvertrading.sv.schwab,2023-07-20,MAILINGLIST,1,0.00,2023-08-02 22:02,2023-07-20 - 2023-07-20
carlsbad.branch.h.sv.schwab,2023-07-19,=EMAIL=,2,0.00,2023-08-02 22:04,2023-07-19 - 2023-07-19
fax.advice.schwab,2023-07-19,=EMAIL=,90,0.05,2023-08-02 22:04,2023-07-19 - 2023-07-19
fax.branch.schwab,2023-07-19,=EMAIL=,376,0.20,2023-08-02 22:04,2023-07-19 - 2023-07-19
fax.branch.schwab,2023-07-19,MAILINGLIST,2,0.00,2023-08-02 22:04,2023-07-19 - 2023-07-19
misc.mailouts.schwab,2023-07-19,=EMAIL=,5571865,132371.68,2023-08-02 22:04,2023-07-19 - 2023-07-19
misc.mailouts.schwab,2023-07-19,MAILINGLIST,178611,262.51,2023-08-02 22:04,2023-07-19 - 2023-07-19
rrrpsclepsd.sv.schwab,2023-07-19,=EMAIL=,1,0.00,2023-08-02 22:04,2023-07-19 - 2023-07-19
schwab.dom.repository,2023-07-19,=EMAIL=,7719577,550000.80,2023-08-02 22:04,2023-07-19 - 2023-07-19
sps.external.email.sv.schwab,2023-07-19,=EMAIL=,1,0.00,2023-08-02 22:04,2023-07-19 - 2023-07-19
fax.advice.schwab,2023-07-18,=EMAIL=,66,0.03,2023-08-02 22:05,2023-07-18 - 2023-07-18
fax.advice.schwab,2023-07-18,MAILINGLIST,5,0.00,2023-08-02 22:05,2023-07-18 - 2023-07-18
fax.branch.schwab,2023-07-18,=EMAIL=,293,0.16,2023-08-02 22:05,2023-07-18 - 2023-07-18
fax.branch.schwab,2023-07-18,MAILINGLIST,33,0.01,2023-08-02 22:05,2023-07-18 - 2023-07-18
misc.mailouts.schwab,2023-07-18,=EMAIL=,2061889,139201.65,2023-08-02 22:05,2023-07-18 - 2023-07-18
misc.mailouts.schwab,2023-07-18,MAILINGLIST,772665,1130.98,2023-08-02 22:05,2023-07-18 - 2023-07-18
schwab.dom.repository,2023-07-18,=EMAIL=,3154297,177818.67,2023-08-02 22:05,2023-07-18 - 2023-07-18
carlsbad.branch.h.sv.schwab,2023-07-17,MAILINGLIST,1,0.00,2023-08-02 22:06,2023-07-17 - 2023-07-17
fax.advice.schwab,2023-07-17,=EMAIL=,32,0.02,2023-08-02 22:06,2023-07-17 - 2023-07-17
fax.advice.schwab,2023-07-17,MAILINGLIST,26,0.01,2023-08-02 22:06,2023-07-17 - 2023-07-17
fax.branch.schwab,2023-07-17,=EMAIL=,141,0.07,2023-08-02 22:06,2023-07-17 - 2023-07-17
fax.branch.schwab,2023-07-17,MAILINGLIST,139,0.06,2023-08-02 22:06,2023-07-17 - 2023-07-17
misc.mailouts.schwab,2023-07-17,=EMAIL=,1109836,67709.11,2023-08-02 22:06,2023-07-17 - 2023-07-17
misc.mailouts.schwab,2023-07-17,MAILINGLIST,2785693,4055.67,2023-08-02 22:06,2023-07-17 - 2023-07-17
schwab.dom.repository,2023-07-17,=EMAIL=,298361,11657.75,2023-08-02 22:06,2023-07-17 - 2023-07-17
carlsbad.branch.h.sv.schwab,2023-07-11,=EMAIL=,2,0.00,2023-08-02 22:07,2023-07-11 - 2023-07-11
fax.advice.schwab,2023-07-11,=EMAIL=,6,0.00,2023-08-02 22:07,2023-07-11 - 2023-07-11
fax.advice.schwab,2023-07-11,MAILINGLIST,18,0.01,2023-08-02 22:07,2023-07-11 - 2023-07-11
fax.branch.schwab,2023-07-11,=EMAIL=,25,0.01,2023-08-02 22:07,2023-07-11 - 2023-07-11
fax.branch.schwab,2023-07-11,MAILINGLIST,104,0.05,2023-08-02 22:07,2023-07-11 - 2023-07-11
misc.mailouts.schwab,2023-07-11,=EMAIL=,603676,65675.40,2023-08-02 22:07,2023-07-11 - 2023-07-11
misc.mailouts.schwab,2023-07-11,MAILINGLIST,2297929,3314.24,2023-08-02 22:07,2023-07-11 - 2023-07-11
rrrpsclepsd.sv.schwab,2023-07-11,MAILINGLIST,1,0.00,2023-08-02 22:07,2023-07-11 - 2023-07-11
schwab.dom.repository,2023-07-11,=EMAIL=,6571,199.25,2023-08-02 22:07,2023-07-11 - 2023-07-11
carlsbad.branch.h.sv.schwab,2023-07-11,=EMAIL=,2,0.00,2023-08-02 22:08,2023-07-11 - 2023-07-11
fax.advice.schwab,2023-07-11,=EMAIL=,6,0.00,2023-08-02 22:08,2023-07-11 - 2023-07-11
fax.advice.schwab,2023-07-11,MAILINGLIST,18,0.01,2023-08-02 22:08,2023-07-11 - 2023-07-11
fax.branch.schwab,2023-07-11,=EMAIL=,25,0.01,2023-08-02 22:08,2023-07-11 - 2023-07-11
fax.branch.schwab,2023-07-11,MAILINGLIST,104,0.05,2023-08-02 22:08,2023-07-11 - 2023-07-11
misc.mailouts.schwab,2023-07-11,=EMAIL=,603676,65675.40,2023-08-02 22:08,2023-07-11 - 2023-07-11
misc.mailouts.schwab,2023-07-11,MAILINGLIST,2297929,3314.24,2023-08-02 22:08,2023-07-11 - 2023-07-11
rrrpsclepsd.sv.schwab,2023-07-11,MAILINGLIST,1,0.00,2023-08-02 22:08,2023-07-11 - 2023-07-11
schwab.dom.repository,2023-07-11,=EMAIL=,6571,199.25,2023-08-02 22:08,2023-07-11 - 2023-07-11
carlsbad.branch.h.sv.schwab,2023-07-06,=EMAIL=,1,0.00,2023-08-02 22:09,2023-07-06 - 2023-07-06
fax.advice.schwab,2023-07-06,=EMAIL=,108,0.06,2023-08-02 22:09,2023-07-06 - 2023-07-06
fax.advice.schwab,2023-07-06,MAILINGLIST,9,0.00,2023-08-02 22:09,2023-07-06 - 2023-07-06
fax.branch.schwab,2023-07-06,=EMAIL=,468,0.24,2023-08-02 22:09,2023-07-06 - 2023-07-06
fax.branch.schwab,2023-07-06,MAILINGLIST,68,0.03,2023-08-02 22:09,2023-07-06 - 2023-07-06
misc.mailouts.schwab,2023-07-06,=EMAIL=,4533459,199982.52,2023-08-02 22:09,2023-07-06 - 2023-07-06
misc.mailouts.schwab,2023-07-06,MAILINGLIST,1361559,1972.58,2023-08-02 22:09,2023-07-06 - 2023-07-06
schwab.dom.repository,2023-07-06,=EMAIL=,2040840,82804.49,2023-08-02 22:09,2023-07-06 - 2023-07-06
fax.advice.schwab,2023-07-05,=EMAIL=,42,0.02,2023-08-02 22:10,2023-07-05 - 2023-07-05
fax.advice.schwab,2023-07-05,MAILINGLIST,2,0.00,2023-08-02 22:10,2023-07-05 - 2023-07-05
fax.branch.schwab,2023-07-05,=EMAIL=,776,0.37,2023-08-02 22:10,2023-07-05 - 2023-07-05
fax.branch.schwab,2023-07-05,MAILINGLIST,4,0.00,2023-08-02 22:10,2023-07-05 - 2023-07-05
misc.mailouts.schwab,2023-07-05,=EMAIL=,862439,51633.15,2023-08-02 22:10,2023-07-05 - 2023-07-05
misc.mailouts.schwab,2023-07-05,MAILINGLIST,126855,183.81,2023-08-02 22:10,2023-07-05 - 2023-07-05
schwab.catchall.repository,2023-07-05,=EMAIL=,16,0.73,2023-08-02 22:10,2023-07-05 - 2023-07-05
schwab.dom.repository,2023-07-05,=EMAIL=,1859372,76386.28,2023-08-02 22:10,2023-07-05 - 2023-07-05
fax.advice.schwab,2023-07-04,=EMAIL=,24,0.01,2023-08-02 22:11,2023-07-04 - 2023-07-04
fax.advice.schwab,2023-07-04,MAILINGLIST,8,0.00,2023-08-02 22:11,2023-07-04 - 2023-07-04
fax.branch.schwab,2023-07-04,=EMAIL=,90,0.05,2023-08-02 22:11,2023-07-04 - 2023-07-04
fax.branch.schwab,2023-07-04,MAILINGLIST,43,0.02,2023-08-02 22:11,2023-07-04 - 2023-07-04
misc.mailouts.schwab,2023-07-04,=EMAIL=,758098,54540.04,2023-08-02 22:11,2023-07-04 - 2023-07-04
misc.mailouts.schwab,2023-07-04,MAILINGLIST,670779,975.51,2023-08-02 22:11,2023-07-04 - 2023-07-04
schwab.dom.repository,2023-07-04,=EMAIL=,47671,1550.65,2023-08-02 22:11,2023-07-04 - 2023-07-04
carlsbad.branch.h.sv.schwab,2023-07-03,MAILINGLIST,1,0.00,2023-08-02 22:12,2023-07-03 - 2023-07-03
fax.advice.schwab,2023-07-03,=EMAIL=,28,0.01,2023-08-02 22:12,2023-07-03 - 2023-07-03
fax.advice.schwab,2023-07-03,MAILINGLIST,33,0.01,2023-08-02 22:12,2023-07-03 - 2023-07-03
fax.branch.schwab,2023-07-03,=EMAIL=,112,0.06,2023-08-02 22:12,2023-07-03 - 2023-07-03
fax.branch.schwab,2023-07-03,MAILINGLIST,132,0.06,2023-08-02 22:12,2023-07-03 - 2023-07-03
misc.mailouts.schwab,2023-07-03,=EMAIL=,735868,43674.39,2023-08-02 22:12,2023-07-03 - 2023-07-03
misc.mailouts.schwab,2023-07-03,MAILINGLIST,3837058,5617.83,2023-08-02 22:12,2023-07-03 - 2023-07-03
schwab.dom.repository,2023-07-03,=EMAIL=,303452,11977.75,2023-08-02 22:12,2023-07-03 - 2023-07-03
carlsbad.branch.h.sv.schwab,2023-07-02,MAILINGLIST,1,0.00,2023-08-02 22:13,2023-07-02 - 2023-07-02
fax.advice.schwab,2023-07-02,MAILINGLIST,17,0.01,2023-08-02 22:13,2023-07-02 - 2023-07-02
fax.branch.schwab,2023-07-02,=EMAIL=,4,0.00,2023-08-02 22:13,2023-07-02 - 2023-07-02
fax.branch.schwab,2023-07-02,MAILINGLIST,92,0.04,2023-08-02 22:13,2023-07-02 - 2023-07-02
misc.mailouts.schwab,2023-07-02,=EMAIL=,123503,5731.67,2023-08-02 22:13,2023-07-02 - 2023-07-02
misc.mailouts.schwab,2023-07-02,MAILINGLIST,1989160,2901.60,2023-08-02 22:13,2023-07-02 - 2023-07-02
schwab.dom.repository,2023-07-02,=EMAIL=,21243,750.29,2023-08-02 22:13,2023-07-02 - 2023-07-02
carlsbad.branch.h.sv.schwab,2023-07-01,=EMAIL=,3,0.00,2023-08-02 22:14,2023-07-01 - 2023-07-01
carlsbad.branch.h.sv.schwab,2023-07-01,MAILINGLIST,1,0.00,2023-08-02 22:14,2023-07-01 - 2023-07-01
fax.advice.schwab,2023-07-01,=EMAIL=,176,0.09,2023-08-02 22:14,2023-07-01 - 2023-07-01
fax.advice.schwab,2023-07-01,MAILINGLIST,11,0.00,2023-08-02 22:14,2023-07-01 - 2023-07-01
fax.branch.schwab,2023-07-01,=EMAIL=,580,0.30,2023-08-02 22:14,2023-07-01 - 2023-07-01
fax.branch.schwab,2023-07-01,MAILINGLIST,126,0.06,2023-08-02 22:14,2023-07-01 - 2023-07-01
misc.mailouts.schwab,2023-07-01,=EMAIL=,21619735,90780.10,2023-08-02 22:14,2023-07-01 - 2023-07-01
misc.mailouts.schwab,2023-07-01,MAILINGLIST,3803014,5518.58,2023-08-02 22:14,2023-07-01 - 2023-07-01
rrrpsclepsd.sv.schwab,2023-07-01,=EMAIL=,2,0.00,2023-08-02 22:14,2023-07-01 - 2023-07-01
schwab.dom.repository,2023-07-01,=EMAIL=,32251,1494.67,2023-08-02 22:14,2023-07-01 - 2023-07-01
sps.external.email.sv.schwab,2023-07-01,=EMAIL=,2,0.00,2023-08-02 22:14,2023-07-01 - 2023-07-01
carlsbad.branch.h.sv.schwab,2023-06-30,=EMAIL=,3,0.00,2023-08-02 22:15,2023-06-30 - 2023-06-30
carlsbad.branch.h.sv.schwab,2023-06-30,MAILINGLIST,1,0.00,2023-08-02 22:15,2023-06-30 - 2023-06-30
carlsbad.branch.sv.schwab,2023-06-30,=EMAIL=,189,0.09,2023-08-02 22:15,2023-06-30 - 2023-06-30
fax.advice.schwab,2023-06-30,=EMAIL=,110,0.06,2023-08-02 22:15,2023-06-30 - 2023-06-30
fax.advice.schwab,2023-06-30,MAILINGLIST,26,0.01,2023-08-02 22:15,2023-06-30 - 2023-06-30
fax.branch.schwab,2023-06-30,=EMAIL=,567,0.28,2023-08-02 22:15,2023-06-30 - 2023-06-30
fax.branch.schwab,2023-06-30,MAILINGLIST,172,0.08,2023-08-02 22:15,2023-06-30 - 2023-06-30
misc.mailouts.schwab,2023-06-30,=EMAIL=,7198720,114588.55,2023-08-02 22:15,2023-06-30 - 2023-06-30
misc.mailouts.schwab,2023-06-30,MAILINGLIST,4002230,5811.56,2023-08-02 22:15,2023-06-30 - 2023-06-30
rrrpsclepsd.sv.schwab,2023-06-30,=EMAIL=,1,0.00,2023-08-02 22:15,2023-06-30 - 2023-06-30
schwab.dom.repository,2023-06-30,=EMAIL=,1982550,56717.80,2023-08-02 22:15,2023-06-30 - 2023-06-30
sps.external.email.sv.schwab,2023-06-30,=EMAIL=,1,0.00,2023-08-02 22:15,2023-06-30 - 2023-06-30
carlsbad.branch.h.sv.schwab,2023-06-29,=EMAIL=,5,0.00,2023-08-02 22:16,2023-06-29 - 2023-06-29
carlsbad.branch.h.sv.schwab,2023-06-29,MAILINGLIST,1,0.00,2023-08-02 22:16,2023-06-29 - 2023-06-29
fax.advice.schwab,2023-06-29,=EMAIL=,141,0.07,2023-08-02 22:16,2023-06-29 - 2023-06-29
fax.advice.schwab,2023-06-29,MAILINGLIST,18,0.01,2023-08-02 22:16,2023-06-29 - 2023-06-29
fax.branch.schwab,2023-06-29,=EMAIL=,559,0.29,2023-08-02 22:16,2023-06-29 - 2023-06-29
fax.branch.schwab,2023-06-29,MAILINGLIST,133,0.06,2023-08-02 22:16,2023-06-29 - 2023-06-29
misc.mailouts.schwab,2023-06-29,=EMAIL=,11676207,123876.97,2023-08-02 22:16,2023-06-29 - 2023-06-29
misc.mailouts.schwab,2023-06-29,MAILINGLIST,4115229,5964.48,2023-08-02 22:16,2023-06-29 - 2023-06-29
rrrpsclepsd.sv.schwab,2023-06-29,=EMAIL=,1,0.00,2023-08-02 22:16,2023-06-29 - 2023-06-29
schwab.catchall.repository,2023-06-29,=EMAIL=,183,0.14,2023-08-02 22:16,2023-06-29 - 2023-06-29
schwab.dom.repository,2023-06-29,=EMAIL=,5850640,199379.02,2023-08-02 22:16,2023-06-29 - 2023-06-29
sps.external.email.sv.schwab,2023-06-29,=EMAIL=,2,0.00,2023-08-02 22:16,2023-06-29 - 2023-06-29
carlsbad.branch.h.sv.schwab,2023-06-28,=EMAIL=,1,0.00,2023-08-02 22:17,2023-06-28 - 2023-06-28
fax.advice.schwab,2023-06-28,=EMAIL=,45,0.02,2023-08-02 22:17,2023-06-28 - 2023-06-28
fax.advice.schwab,2023-06-28,MAILINGLIST,2,0.00,2023-08-02 22:17,2023-06-28 - 2023-06-28
fax.branch.schwab,2023-06-28,=EMAIL=,834,0.40,2023-08-02 22:17,2023-06-28 - 2023-06-28
fax.branch.schwab,2023-06-28,MAILINGLIST,1,0.00,2023-08-02 22:17,2023-06-28 - 2023-06-28
misc.mailouts.schwab,2023-06-28,=EMAIL=,1694272,113411.32,2023-08-02 22:17,2023-06-28 - 2023-06-28
misc.mailouts.schwab,2023-06-28,MAILINGLIST,113823,165.27,2023-08-02 22:17,2023-06-28 - 2023-06-28
schwab.dom.repository,2023-06-28,=EMAIL=,7370714,263388.17,2023-08-02 22:17,2023-06-28 - 2023-06-28
sps.external.email.sv.schwab,2023-06-28,=EMAIL=,1,0.00,2023-08-02 22:17,2023-06-28 - 2023-06-28
carlsbad.branch.h.sv.schwab,2023-06-27,=EMAIL=,1,0.00,2023-08-02 22:18,2023-06-27 - 2023-06-27
fax.advice.schwab,2023-06-27,=EMAIL=,107,0.05,2023-08-02 22:18,2023-06-27 - 2023-06-27
fax.advice.schwab,2023-06-27,MAILINGLIST,7,0.00,2023-08-02 22:18,2023-06-27 - 2023-06-27
fax.branch.schwab,2023-06-27,=EMAIL=,796,0.39,2023-08-02 22:18,2023-06-27 - 2023-06-27
fax.branch.schwab,2023-06-27,MAILINGLIST,31,0.01,2023-08-02 22:18,2023-06-27 - 2023-06-27
misc.mailouts.schwab,2023-06-27,=EMAIL=,7828652,113717.60,2023-08-02 22:18,2023-06-27 - 2023-06-27
misc.mailouts.schwab,2023-06-27,MAILINGLIST,547078,798.45,2023-08-02 22:18,2023-06-27 - 2023-06-27
rrrpsclepsd.sv.schwab,2023-06-27,=EMAIL=,2,0.00,2023-08-02 22:18,2023-06-27 - 2023-06-27
schwab.dom.repository,2023-06-27,=EMAIL=,5850102,175244.44,2023-08-02 22:18,2023-06-27 - 2023-06-27
carlsbad.branch.h.sv.schwab,2023-06-25,MAILINGLIST,1,0.00,2023-08-02 22:19,2023-06-25 - 2023-06-25
fax.advice.schwab,2023-06-25,=EMAIL=,15,0.01,2023-08-02 22:19,2023-06-25 - 2023-06-25
fax.advice.schwab,2023-06-25,MAILINGLIST,28,0.01,2023-08-02 22:19,2023-06-25 - 2023-06-25
fax.branch.schwab,2023-06-25,=EMAIL=,63,0.03,2023-08-02 22:19,2023-06-25 - 2023-06-25
fax.branch.schwab,2023-06-25,MAILINGLIST,135,0.06,2023-08-02 22:19,2023-06-25 - 2023-06-25
misc.mailouts.schwab,2023-06-25,=EMAIL=,2967211,6912.24,2023-08-02 22:19,2023-06-25 - 2023-06-25
misc.mailouts.schwab,2023-06-25,MAILINGLIST,4561237,6655.15,2023-08-02 22:19,2023-06-25 - 2023-06-25
schwab.dom.repository,2023-06-25,=EMAIL=,17079,591.31,2023-08-02 22:19,2023-06-25 - 2023-06-25
fax.advice.schwab,2023-06-24,=EMAIL=,44,0.02,2023-08-02 22:20,2023-06-24 - 2023-06-24
fax.advice.schwab,2023-06-24,MAILINGLIST,5,0.00,2023-08-02 22:20,2023-06-24 - 2023-06-24
fax.branch.schwab,2023-06-24,=EMAIL=,134,0.07,2023-08-02 22:20,2023-06-24 - 2023-06-24
fax.branch.schwab,2023-06-24,MAILINGLIST,44,0.02,2023-08-02 22:20,2023-06-24 - 2023-06-24
misc.mailouts.schwab,2023-06-24,=EMAIL=,6484659,65201.76,2023-08-02 22:20,2023-06-24 - 2023-06-24
misc.mailouts.schwab,2023-06-24,MAILINGLIST,737640,1070.94,2023-08-02 22:20,2023-06-24 - 2023-06-24
schwab.dom.repository,2023-06-24,=EMAIL=,22035,793.33,2023-08-02 22:20,2023-06-24 - 2023-06-24
carlsbad.branch.h.sv.schwab,2023-06-23,=EMAIL=,3,0.00,2023-08-02 22:21,2023-06-23 - 2023-06-23
executiveservices.sv.schwab,2023-06-23,=EMAIL=,1,0.00,2023-08-02 22:21,2023-06-23 - 2023-06-23
fax.advice.schwab,2023-06-23,=EMAIL=,106,0.06,2023-08-02 22:21,2023-06-23 - 2023-06-23
fax.advice.schwab,2023-06-23,MAILINGLIST,15,0.01,2023-08-02 22:21,2023-06-23 - 2023-06-23
fax.branch.schwab,2023-06-23,=EMAIL=,1361,0.65,2023-08-02 22:21,2023-06-23 - 2023-06-23
fax.branch.schwab,2023-06-23,MAILINGLIST,100,0.05,2023-08-02 22:21,2023-06-23 - 2023-06-23
misc.mailouts.schwab,2023-06-23,=EMAIL=,1255077,102975.52,2023-08-02 22:21,2023-06-23 - 2023-06-23
misc.mailouts.schwab,2023-06-23,MAILINGLIST,3139436,4477.64,2023-08-02 22:21,2023-06-23 - 2023-06-23
rrrpsclepsd.sv.schwab,2023-06-23,=EMAIL=,2,0.00,2023-08-02 22:21,2023-06-23 - 2023-06-23
schwab.dom.repository,2023-06-23,=EMAIL=,5654831,243891.71,2023-08-02 22:21,2023-06-23 - 2023-06-23
sps.external.email.sv.schwab,2023-06-23,=EMAIL=,1,0.00,2023-08-02 22:21,2023-06-23 - 2023-06-23
spsdenvertrading.sv.schwab,2023-06-23,=EMAIL=,1,0.00,2023-08-02 22:21,2023-06-23 - 2023-06-23
carlsbad.branch.h.sv.schwab,2023-06-22,=EMAIL=,1,0.00,2023-08-02 22:22,2023-06-22 - 2023-06-22
fax.advice.schwab,2023-06-22,=EMAIL=,76,0.04,2023-08-02 22:22,2023-06-22 - 2023-06-22
fax.advice.schwab,2023-06-22,MAILINGLIST,2,0.00,2023-08-02 22:22,2023-06-22 - 2023-06-22
fax.branch.schwab,2023-06-22,=EMAIL=,390,0.20,2023-08-02 22:22,2023-06-22 - 2023-06-22
fax.branch.schwab,2023-06-22,MAILINGLIST,13,0.01,2023-08-02 22:22,2023-06-22 - 2023-06-22
misc.mailouts.schwab,2023-06-22,=EMAIL=,8272564,110683.94,2023-08-02 22:22,2023-06-22 - 2023-06-22
misc.mailouts.schwab,2023-06-22,MAILINGLIST,224203,324.69,2023-08-02 22:22,2023-06-22 - 2023-06-22
schwab.dom.repository,2023-06-22,=EMAIL=,5469805,227601.48,2023-08-02 22:22,2023-06-22 - 2023-06-22
carlsbad.branch.h.sv.schwab,2023-06-21,=EMAIL=,1,0.00,2023-08-02 22:23,2023-06-21 - 2023-06-21
fax.advice.schwab,2023-06-21,=EMAIL=,99,0.05,2023-08-02 22:23,2023-06-21 - 2023-06-21
fax.advice.schwab,2023-06-21,MAILINGLIST,3,0.00,2023-08-02 22:23,2023-06-21 - 2023-06-21
fax.branch.schwab,2023-06-21,=EMAIL=,490,0.26,2023-08-02 22:23,2023-06-21 - 2023-06-21
fax.branch.schwab,2023-06-21,MAILINGLIST,1,0.00,2023-08-02 22:23,2023-06-21 - 2023-06-21
misc.mailouts.schwab,2023-06-21,=EMAIL=,2892213,130346.62,2023-08-02 22:23,2023-06-21 - 2023-06-21
misc.mailouts.schwab,2023-06-21,MAILINGLIST,126285,185.34,2023-08-02 22:23,2023-06-21 - 2023-06-21
rrrpsclepsd.sv.schwab,2023-06-21,=EMAIL=,1,0.00,2023-08-02 22:23,2023-06-21 - 2023-06-21
schwab.dom.repository,2023-06-21,=EMAIL=,8739389,589193.51,2023-08-02 22:23,2023-06-21 - 2023-06-21
sps.external.email.sv.schwab,2023-06-21,=EMAIL=,1,0.00,2023-08-02 22:23,2023-06-21 - 2023-06-21
fax.advice.schwab,2023-06-20,=EMAIL=,256,0.12,2023-08-02 22:24,2023-06-20 - 2023-06-20
fax.advice.schwab,2023-06-20,MAILINGLIST,8,0.00,2023-08-02 22:24,2023-06-20 - 2023-06-20
fax.branch.schwab,2023-06-20,=EMAIL=,1073,0.52,2023-08-02 22:24,2023-06-20 - 2023-06-20
fax.branch.schwab,2023-06-20,MAILINGLIST,46,0.02,2023-08-02 22:24,2023-06-20 - 2023-06-20
misc.mailouts.schwab,2023-06-20,=EMAIL=,1454444,79758.23,2023-08-02 22:24,2023-06-20 - 2023-06-20
misc.mailouts.schwab,2023-06-20,MAILINGLIST,685766,1001.59,2023-08-02 22:24,2023-06-20 - 2023-06-20
schwab.dom.repository,2023-06-20,=EMAIL=,385665,15726.79,2023-08-02 22:24,2023-06-20 - 2023-06-20
carlsbad.branch.h.sv.schwab,2023-06-19,MAILINGLIST,2,0.00,2023-08-02 22:25,2023-06-19 - 2023-06-19
fax.advice.schwab,2023-06-19,MAILINGLIST,26,0.01,2023-08-02 22:25,2023-06-19 - 2023-06-19
fax.branch.schwab,2023-06-19,=EMAIL=,8,0.00,2023-08-02 22:25,2023-06-19 - 2023-06-19
fax.branch.schwab,2023-06-19,MAILINGLIST,142,0.06,2023-08-02 22:25,2023-06-19 - 2023-06-19
misc.mailouts.schwab,2023-06-19,=EMAIL=,146148,7223.64,2023-08-02 22:25,2023-06-19 - 2023-06-19
misc.mailouts.schwab,2023-06-19,MAILINGLIST,2349679,3415.02,2023-08-02 22:25,2023-06-19 - 2023-06-19
schwab.dom.repository,2023-06-19,=EMAIL=,224692,9004.42,2023-08-02 22:25,2023-06-19 - 2023-06-19
fax.advice.schwab,2023-06-18,=EMAIL=,3,0.00,2023-08-02 22:26,2023-06-18 - 2023-06-18
fax.advice.schwab,2023-06-18,MAILINGLIST,28,0.01,2023-08-02 22:26,2023-06-18 - 2023-06-18
fax.branch.schwab,2023-06-18,=EMAIL=,1,0.00,2023-08-02 22:26,2023-06-18 - 2023-06-18
fax.branch.schwab,2023-06-18,MAILINGLIST,112,0.05,2023-08-02 22:26,2023-06-18 - 2023-06-18
misc.mailouts.schwab,2023-06-18,=EMAIL=,131262,6656.36,2023-08-02 22:26,2023-06-18 - 2023-06-18
misc.mailouts.schwab,2023-06-18,MAILINGLIST,2144884,3124.70,2023-08-02 22:26,2023-06-18 - 2023-06-18
schwab.dom.repository,2023-06-18,=EMAIL=,23038,886.87,2023-08-02 22:26,2023-06-18 - 2023-06-18
fax.advice.schwab,2023-06-17,=EMAIL=,33,0.02,2023-08-02 22:27,2023-06-17 - 2023-06-17
fax.advice.schwab,2023-06-17,MAILINGLIST,18,0.01,2023-08-02 22:27,2023-06-17 - 2023-06-17
fax.branch.schwab,2023-06-17,=EMAIL=,981,0.48,2023-08-02 22:27,2023-06-17 - 2023-06-17
fax.branch.schwab,2023-06-17,MAILINGLIST,151,0.07,2023-08-02 22:27,2023-06-17 - 2023-06-17
misc.mailouts.schwab,2023-06-17,=EMAIL=,968815,70767.97,2023-08-02 22:27,2023-06-17 - 2023-06-17
misc.mailouts.schwab,2023-06-17,MAILINGLIST,4488162,6501.73,2023-08-02 22:27,2023-06-17 - 2023-06-17
schwab.dom.repository,2023-06-17,=EMAIL=,29928,1047.58,2023-08-02 22:27,2023-06-17 - 2023-06-17
carlsbad.branch.h.sv.schwab,2023-06-16,=EMAIL=,2,0.00,2023-08-02 22:28,2023-06-16 - 2023-06-16
fax.advice.schwab,2023-06-16,=EMAIL=,55,0.03,2023-08-02 22:28,2023-06-16 - 2023-06-16
fax.advice.schwab,2023-06-16,MAILINGLIST,16,0.01,2023-08-02 22:28,2023-06-16 - 2023-06-16
fax.branch.schwab,2023-06-16,=EMAIL=,949,0.45,2023-08-02 22:28,2023-06-16 - 2023-06-16
fax.branch.schwab,2023-06-16,MAILINGLIST,115,0.05,2023-08-02 22:28,2023-06-16 - 2023-06-16
misc.mailouts.schwab,2023-06-16,=EMAIL=,2484891,120466.07,2023-08-02 22:28,2023-06-16 - 2023-06-16
misc.mailouts.schwab,2023-06-16,MAILINGLIST,3465473,5097.91,2023-08-02 22:28,2023-06-16 - 2023-06-16
schwab.dom.repository,2023-06-16,=EMAIL=,350133,14141.22,2023-08-02 22:28,2023-06-16 - 2023-06-16
carlsbad.branch.h.sv.schwab,2023-06-15,MAILINGLIST,1,0.00,2023-08-02 22:29,2023-06-15 - 2023-06-15
fax.advice.schwab,2023-06-15,=EMAIL=,488,0.23,2023-08-02 22:29,2023-06-15 - 2023-06-15
fax.advice.schwab,2023-06-15,MAILINGLIST,14,0.01,2023-08-02 22:29,2023-06-15 - 2023-06-15
fax.branch.schwab,2023-06-15,=EMAIL=,570,0.28,2023-08-02 22:29,2023-06-15 - 2023-06-15
fax.branch.schwab,2023-06-15,MAILINGLIST,96,0.04,2023-08-02 22:29,2023-06-15 - 2023-06-15
misc.mailouts.schwab,2023-06-15,=EMAIL=,1639265,119821.56,2023-08-02 22:29,2023-06-15 - 2023-06-15
misc.mailouts.schwab,2023-06-15,MAILINGLIST,1711125,2481.84,2023-08-02 22:29,2023-06-15 - 2023-06-15
schwab.dom.repository,2023-06-15,=EMAIL=,3940081,188840.71,2023-08-02 22:29,2023-06-15 - 2023-06-15
fax.advice.schwab,2023-06-14,=EMAIL=,82,0.04,2023-08-02 22:30,2023-06-14 - 2023-06-14
fax.advice.schwab,2023-06-14,MAILINGLIST,1,0.00,2023-08-02 22:30,2023-06-14 - 2023-06-14
fax.branch.schwab,2023-06-14,=EMAIL=,1075,0.52,2023-08-02 22:30,2023-06-14 - 2023-06-14
fax.branch.schwab,2023-06-14,MAILINGLIST,4,0.00,2023-08-02 22:30,2023-06-14 - 2023-06-14
misc.mailouts.schwab,2023-06-14,=EMAIL=,2955101,125025.41,2023-08-02 22:30,2023-06-14 - 2023-06-14
misc.mailouts.schwab,2023-06-14,MAILINGLIST,131336,190.62,2023-08-02 22:30,2023-06-14 - 2023-06-14
schwab.dom.repository,2023-06-14,=EMAIL=,2507036,102608.42,2023-08-02 22:30,2023-06-14 - 2023-06-14
fax.advice.schwab,2023-06-13,=EMAIL=,185,0.10,2023-08-02 22:31,2023-06-13 - 2023-06-13
fax.advice.schwab,2023-06-13,MAILINGLIST,4,0.00,2023-08-02 22:31,2023-06-13 - 2023-06-13
fax.branch.schwab,2023-06-13,=EMAIL=,975,0.47,2023-08-02 22:31,2023-06-13 - 2023-06-13
fax.branch.schwab,2023-06-13,MAILINGLIST,42,0.02,2023-08-02 22:31,2023-06-13 - 2023-06-13
misc.mailouts.schwab,2023-06-13,=EMAIL=,1880066,117577.02,2023-08-02 22:31,2023-06-13 - 2023-06-13
misc.mailouts.schwab,2023-06-13,MAILINGLIST,564397,823.18,2023-08-02 22:31,2023-06-13 - 2023-06-13
schwab.dom.repository,2023-06-13,=EMAIL=,1558796,63517.02,2023-08-02 22:31,2023-06-13 - 2023-06-13
carlsbad.branch.h.sv.schwab,2023-06-12,=EMAIL=,1,0.00,2023-08-02 22:32,2023-06-12 - 2023-06-12
executiveservices.sv.schwab,2023-06-12,MAILINGLIST,1,0.00,2023-08-02 22:32,2023-06-12 - 2023-06-12
fax.advice.schwab,2023-06-12,=EMAIL=,37,0.02,2023-08-02 22:32,2023-06-12 - 2023-06-12
fax.advice.schwab,2023-06-12,MAILINGLIST,23,0.01,2023-08-02 22:32,2023-06-12 - 2023-06-12
fax.branch.schwab,2023-06-12,=EMAIL=,262,0.13,2023-08-02 22:32,2023-06-12 - 2023-06-12
fax.branch.schwab,2023-06-12,MAILINGLIST,128,0.06,2023-08-02 22:32,2023-06-12 - 2023-06-12
misc.mailouts.schwab,2023-06-12,=EMAIL=,919036,56145.26,2023-08-02 22:32,2023-06-12 - 2023-06-12
misc.mailouts.schwab,2023-06-12,MAILINGLIST,2271147,3294.96,2023-08-02 22:32,2023-06-12 - 2023-06-12
schwab.dom.repository,2023-06-12,=EMAIL=,443056,17419.28,2023-08-02 22:32,2023-06-12 - 2023-06-12
sps.external.email.sv.schwab,2023-06-12,MAILINGLIST,1,0.00,2023-08-02 22:32,2023-06-12 - 2023-06-12
carlsbad.branch.sv.schwab,2023-06-11,=EMAIL=,1,0.00,2023-08-02 22:33,2023-06-11 - 2023-06-11
fax.advice.schwab,2023-06-11,=EMAIL=,2,0.00,2023-08-02 22:33,2023-06-11 - 2023-06-11
fax.advice.schwab,2023-06-11,MAILINGLIST,39,0.02,2023-08-02 22:33,2023-06-11 - 2023-06-11
fax.branch.schwab,2023-06-11,=EMAIL=,4,0.00,2023-08-02 22:33,2023-06-11 - 2023-06-11
fax.branch.schwab,2023-06-11,MAILINGLIST,185,0.08,2023-08-02 22:33,2023-06-11 - 2023-06-11
misc.mailouts.schwab,2023-06-11,=EMAIL=,151345,7550.54,2023-08-02 22:33,2023-06-11 - 2023-06-11
misc.mailouts.schwab,2023-06-11,MAILINGLIST,2251215,3276.88,2023-08-02 22:33,2023-06-11 - 2023-06-11
schwab.dom.repository,2023-06-11,=EMAIL=,18349,638.92,2023-08-02 22:33,2023-06-11 - 2023-06-11
carlsbad.branch.h.sv.schwab,2023-06-10,MAILINGLIST,2,0.00,2023-08-02 22:34,2023-06-10 - 2023-06-10
fax.advice.schwab,2023-06-10,=EMAIL=,532,0.25,2023-08-02 22:34,2023-06-10 - 2023-06-10
fax.advice.schwab,2023-06-10,MAILINGLIST,68,0.03,2023-08-02 22:34,2023-06-10 - 2023-06-10
fax.branch.schwab,2023-06-10,=EMAIL=,1300,0.63,2023-08-02 22:34,2023-06-10 - 2023-06-10
fax.branch.schwab,2023-06-10,MAILINGLIST,411,0.18,2023-08-02 22:34,2023-06-10 - 2023-06-10
misc.mailouts.schwab,2023-06-10,=EMAIL=,4002593,62102.95,2023-08-02 22:34,2023-06-10 - 2023-06-10
misc.mailouts.schwab,2023-06-10,MAILINGLIST,10629105,15319.40,2023-08-02 22:34,2023-06-10 - 2023-06-10
rrrpsclepsd.sv.schwab,2023-06-10,MAILINGLIST,2,0.00,2023-08-02 22:34,2023-06-10 - 2023-06-10
schwab.dom.repository,2023-06-10,=EMAIL=,193833,8327.22,2023-08-02 22:34,2023-06-10 - 2023-06-10
carlsbad.branch.h.sv.schwab,2023-06-08,MAILINGLIST,2,0.00,2023-08-02 22:35,2023-06-08 - 2023-06-08
fax.advice.schwab,2023-06-08,=EMAIL=,72,0.04,2023-08-02 22:35,2023-06-08 - 2023-06-08
fax.advice.schwab,2023-06-08,MAILINGLIST,29,0.01,2023-08-02 22:35,2023-06-08 - 2023-06-08
fax.branch.schwab,2023-06-08,=EMAIL=,1590,0.75,2023-08-02 22:35,2023-06-08 - 2023-06-08
fax.branch.schwab,2023-06-08,MAILINGLIST,117,0.05,2023-08-02 22:35,2023-06-08 - 2023-06-08
misc.mailouts.schwab,2023-06-08,=EMAIL=,1359605,112562.67,2023-08-02 22:35,2023-06-08 - 2023-06-08
misc.mailouts.schwab,2023-06-08,MAILINGLIST,7798266,11159.10,2023-08-02 22:35,2023-06-08 - 2023-06-08
schwab.dom.repository,2023-06-08,=EMAIL=,530295,20446.41,2023-08-02 22:35,2023-06-08 - 2023-06-08
sps.external.email.sv.schwab,2023-06-08,=EMAIL=,1,0.00,2023-08-02 22:35,2023-06-08 - 2023-06-08
fax.advice.schwab,2023-06-07,=EMAIL=,74,0.04,2023-08-02 22:36,2023-06-07 - 2023-06-07
fax.advice.schwab,2023-06-07,MAILINGLIST,1,0.00,2023-08-02 22:36,2023-06-07 - 2023-06-07
fax.branch.schwab,2023-06-07,=EMAIL=,506,0.26,2023-08-02 22:36,2023-06-07 - 2023-06-07
fax.branch.schwab,2023-06-07,MAILINGLIST,5,0.00,2023-08-02 22:36,2023-06-07 - 2023-06-07
misc.mailouts.schwab,2023-06-07,=EMAIL=,2336201,140184.65,2023-08-02 22:36,2023-06-07 - 2023-06-07
misc.mailouts.schwab,2023-06-07,MAILINGLIST,298452,429.24,2023-08-02 22:36,2023-06-07 - 2023-06-07
schwab.dom.repository,2023-06-07,=EMAIL=,2685162,110124.20,2023-08-02 22:36,2023-06-07 - 2023-06-07
carlsbad.branch.h.sv.schwab,2023-06-03,MAILINGLIST,1,0.00,2023-08-02 22:37,2023-06-03 - 2023-06-03
executiveservices.sv.schwab,2023-06-03,MAILINGLIST,1,0.00,2023-08-02 22:37,2023-06-03 - 2023-06-03
fax.advice.schwab,2023-06-03,=EMAIL=,18,0.01,2023-08-02 22:37,2023-06-03 - 2023-06-03
fax.advice.schwab,2023-06-03,MAILINGLIST,39,0.02,2023-08-02 22:37,2023-06-03 - 2023-06-03
fax.branch.schwab,2023-06-03,=EMAIL=,693,0.32,2023-08-02 22:37,2023-06-03 - 2023-06-03
fax.branch.schwab,2023-06-03,MAILINGLIST,186,0.08,2023-08-02 22:37,2023-06-03 - 2023-06-03
misc.mailouts.schwab,2023-06-03,=EMAIL=,1283400,114262.34,2023-08-02 22:37,2023-06-03 - 2023-06-03
misc.mailouts.schwab,2023-06-03,MAILINGLIST,4187094,6190.42,2023-08-02 22:37,2023-06-03 - 2023-06-03
schwab.dom.repository,2023-06-03,=EMAIL=,24282,809.27,2023-08-02 22:37,2023-06-03 - 2023-06-03
spsdenvertrading.sv.schwab,2023-06-03,MAILINGLIST,1,0.00,2023-08-02 22:37,2023-06-03 - 2023-06-03
carlsbad.branch.h.sv.schwab,2023-06-02,=EMAIL=,1,0.00,2023-08-02 22:38,2023-06-02 - 2023-06-02
carlsbad.branch.h.sv.schwab,2023-06-02,MAILINGLIST,1,0.00,2023-08-02 22:38,2023-06-02 - 2023-06-02
fax.advice.schwab,2023-06-02,=EMAIL=,117,0.06,2023-08-02 22:38,2023-06-02 - 2023-06-02
fax.advice.schwab,2023-06-02,MAILINGLIST,10,0.00,2023-08-02 22:38,2023-06-02 - 2023-06-02
fax.branch.schwab,2023-06-02,=EMAIL=,2053,0.99,2023-08-02 22:38,2023-06-02 - 2023-06-02
fax.branch.schwab,2023-06-02,MAILINGLIST,77,0.03,2023-08-02 22:38,2023-06-02 - 2023-06-02
misc.mailouts.schwab,2023-06-02,=EMAIL=,12119686,148658.28,2023-08-02 22:38,2023-06-02 - 2023-06-02
misc.mailouts.schwab,2023-06-02,MAILINGLIST,2839897,4167.13,2023-08-02 22:38,2023-06-02 - 2023-06-02
schwab.dom.repository,2023-06-02,=EMAIL=,4398273,247735.10,2023-08-02 22:38,2023-06-02 - 2023-06-02
carlsbad.branch.h.sv.schwab,2023-06-01,=EMAIL=,2,0.00,2023-08-02 22:39,2023-06-01 - 2023-06-01
fax.advice.schwab,2023-06-01,=EMAIL=,78,0.04,2023-08-02 22:39,2023-06-01 - 2023-06-01
fax.branch.schwab,2023-06-01,=EMAIL=,521,0.26,2023-08-02 22:39,2023-06-01 - 2023-06-01
fax.branch.schwab,2023-06-01,MAILINGLIST,8,0.00,2023-08-02 22:39,2023-06-01 - 2023-06-01
misc.mailouts.schwab,2023-06-01,=EMAIL=,4981055,333740.43,2023-08-02 22:39,2023-06-01 - 2023-06-01
misc.mailouts.schwab,2023-06-01,MAILINGLIST,209580,302.48,2023-08-02 22:39,2023-06-01 - 2023-06-01
schwab.dom.repository,2023-06-01,=EMAIL=,2028294,80442.64,2023-08-02 22:39,2023-06-01 - 2023-06-01
sps.external.email.sv.schwab,2023-06-01,MAILINGLIST,1,0.00,2023-08-02 22:39,2023-06-01 - 2023-06-01
carlsbad.branch.h.sv.schwab,2023-05-31,=EMAIL=,2,0.00,2023-08-02 22:40,2023-05-31 - 2023-05-31
fax.advice.schwab,2023-05-31,=EMAIL=,150,0.08,2023-08-02 22:40,2023-05-31 - 2023-05-31
fax.branch.schwab,2023-05-31,=EMAIL=,907,0.47,2023-08-02 22:40,2023-05-31 - 2023-05-31
misc.mailouts.schwab,2023-05-31,=EMAIL=,17616785,269598.35,2023-08-02 22:40,2023-05-31 - 2023-05-31
misc.mailouts.schwab,2023-05-31,MAILINGLIST,97157,140.99,2023-08-02 22:40,2023-05-31 - 2023-05-31
rrrpsclepsd.sv.schwab,2023-05-31,=EMAIL=,2,0.00,2023-08-02 22:40,2023-05-31 - 2023-05-31
schwab.dom.repository,2023-05-31,=EMAIL=,718302,33141.62,2023-08-02 22:40,2023-05-31 - 2023-05-31
sps.external.email.sv.schwab,2023-05-31,=EMAIL=,2,0.00,2023-08-02 22:40,2023-05-31 - 2023-05-31
carlsbad.branch.h.sv.schwab,2023-05-30,=EMAIL=,1,0.00,2023-08-02 22:41,2023-05-30 - 2023-05-30
fax.advice.schwab,2023-05-30,=EMAIL=,35,0.02,2023-08-02 22:41,2023-05-30 - 2023-05-30
fax.advice.schwab,2023-05-30,MAILINGLIST,4,0.00,2023-08-02 22:41,2023-05-30 - 2023-05-30
fax.branch.schwab,2023-05-30,=EMAIL=,315,0.16,2023-08-02 22:41,2023-05-30 - 2023-05-30
fax.branch.schwab,2023-05-30,MAILINGLIST,34,0.02,2023-08-02 22:41,2023-05-30 - 2023-05-30
misc.mailouts.schwab,2023-05-30,=EMAIL=,1995161,131935.08,2023-08-02 22:41,2023-05-30 - 2023-05-30
misc.mailouts.schwab,2023-05-30,MAILINGLIST,512360,746.66,2023-08-02 22:41,2023-05-30 - 2023-05-30
schwab.dom.repository,2023-05-30,=EMAIL=,7387694,349615.15,2023-08-02 22:41,2023-05-30 - 2023-05-30
carlsbad.branch.h.sv.schwab,2023-05-29,MAILINGLIST,1,0.00,2023-08-02 22:42,2023-05-29 - 2023-05-29
fax.advice.schwab,2023-05-29,MAILINGLIST,42,0.02,2023-08-02 22:42,2023-05-29 - 2023-05-29
fax.branch.schwab,2023-05-29,=EMAIL=,3,0.00,2023-08-02 22:42,2023-05-29 - 2023-05-29
fax.branch.schwab,2023-05-29,MAILINGLIST,187,0.09,2023-08-02 22:42,2023-05-29 - 2023-05-29
misc.mailouts.schwab,2023-05-29,=EMAIL=,100648,4939.33,2023-08-02 22:42,2023-05-29 - 2023-05-29
misc.mailouts.schwab,2023-05-29,MAILINGLIST,5730163,8413.10,2023-08-02 22:42,2023-05-29 - 2023-05-29
rrrpsclepsd.sv.schwab,2023-05-29,MAILINGLIST,1,0.00,2023-08-02 22:42,2023-05-29 - 2023-05-29
schwab.dom.repository,2023-05-29,=EMAIL=,44817,1810.17,2023-08-02 22:42,2023-05-29 - 2023-05-29
sps.external.email.sv.schwab,2023-05-29,MAILINGLIST,1,0.00,2023-08-02 22:42,2023-05-29 - 2023-05-29
fax.advice.schwab,2023-05-28,MAILINGLIST,22,0.01,2023-08-02 22:44,2023-05-28 - 2023-05-28
fax.branch.schwab,2023-05-28,=EMAIL=,350,0.17,2023-08-02 22:44,2023-05-28 - 2023-05-28
fax.branch.schwab,2023-05-28,MAILINGLIST,106,0.05,2023-08-02 22:44,2023-05-28 - 2023-05-28
misc.mailouts.schwab,2023-05-28,=EMAIL=,101367,4566.76,2023-08-02 22:44,2023-05-28 - 2023-05-28
misc.mailouts.schwab,2023-05-28,MAILINGLIST,1968644,2867.59,2023-08-02 22:44,2023-05-28 - 2023-05-28
schwab.dom.repository,2023-05-28,=EMAIL=,18823,644.95,2023-08-02 22:44,2023-05-28 - 2023-05-28
carlsbad.branch.h.sv.schwab,2023-05-27,=EMAIL=,1,0.00,2023-08-02 22:45,2023-05-27 - 2023-05-27
carlsbad.branch.h.sv.schwab,2023-05-27,MAILINGLIST,1,0.00,2023-08-02 22:45,2023-05-27 - 2023-05-27
fax.advice.schwab,2023-05-27,=EMAIL=,23,0.01,2023-08-02 22:45,2023-05-27 - 2023-05-27
fax.advice.schwab,2023-05-27,MAILINGLIST,34,0.02,2023-08-02 22:45,2023-05-27 - 2023-05-27
fax.branch.schwab,2023-05-27,=EMAIL=,119,0.06,2023-08-02 22:45,2023-05-27 - 2023-05-27
fax.branch.schwab,2023-05-27,MAILINGLIST,97,0.04,2023-08-02 22:45,2023-05-27 - 2023-05-27
misc.mailouts.schwab,2023-05-27,=EMAIL=,494306,57133.86,2023-08-02 22:45,2023-05-27 - 2023-05-27
misc.mailouts.schwab,2023-05-27,MAILINGLIST,2015459,2942.12,2023-08-02 22:45,2023-05-27 - 2023-05-27
rrrpsclepsd.sv.schwab,2023-05-27,=EMAIL=,1,0.00,2023-08-02 22:45,2023-05-27 - 2023-05-27
schwab.dom.repository,2023-05-27,=EMAIL=,4571720,199598.04,2023-08-02 22:45,2023-05-27 - 2023-05-27
carlsbad.branch.h.sv.schwab,2023-05-26,=EMAIL=,1,0.00,2023-08-02 22:46,2023-05-26 - 2023-05-26
carlsbad.branch.h.sv.schwab,2023-05-26,MAILINGLIST,2,0.00,2023-08-02 22:46,2023-05-26 - 2023-05-26
executiveservices.sv.schwab,2023-05-26,MAILINGLIST,1,0.00,2023-08-02 22:46,2023-05-26 - 2023-05-26
fax.advice.schwab,2023-05-26,=EMAIL=,74,0.04,2023-08-02 22:46,2023-05-26 - 2023-05-26
fax.advice.schwab,2023-05-26,MAILINGLIST,37,0.02,2023-08-02 22:46,2023-05-26 - 2023-05-26
fax.branch.schwab,2023-05-26,=EMAIL=,903,0.44,2023-08-02 22:46,2023-05-26 - 2023-05-26
fax.branch.schwab,2023-05-26,MAILINGLIST,199,0.09,2023-08-02 22:46,2023-05-26 - 2023-05-26
misc.mailouts.schwab,2023-05-26,=EMAIL=,2027255,111623.15,2023-08-02 22:46,2023-05-26 - 2023-05-26
misc.mailouts.schwab,2023-05-26,MAILINGLIST,2535345,3715.38,2023-08-02 22:46,2023-05-26 - 2023-05-26
schwab.catchall.repository,2023-05-26,=EMAIL=,28,0.53,2023-08-02 22:46,2023-05-26 - 2023-05-26
schwab.dom.repository,2023-05-26,=EMAIL=,1580657,67929.92,2023-08-02 22:46,2023-05-26 - 2023-05-26
sps.external.email.sv.schwab,2023-05-26,=EMAIL=,1,0.00,2023-08-02 22:46,2023-05-26 - 2023-05-26
spsdenvertrading.sv.schwab,2023-05-26,MAILINGLIST,1,0.00,2023-08-02 22:46,2023-05-26 - 2023-05-26
carlsbad.branch.h.sv.schwab,2023-05-25,=EMAIL=,1,0.00,2023-08-02 22:47,2023-05-25 - 2023-05-25
carlsbad.branch.h.sv.schwab,2023-05-25,MAILINGLIST,2,0.00,2023-08-02 22:47,2023-05-25 - 2023-05-25
fax.advice.schwab,2023-05-25,=EMAIL=,75,0.04,2023-08-02 22:47,2023-05-25 - 2023-05-25
fax.advice.schwab,2023-05-25,MAILINGLIST,35,0.02,2023-08-02 22:47,2023-05-25 - 2023-05-25
fax.branch.schwab,2023-05-25,=EMAIL=,1635,0.78,2023-08-02 22:47,2023-05-25 - 2023-05-25
fax.branch.schwab,2023-05-25,MAILINGLIST,168,0.08,2023-08-02 22:47,2023-05-25 - 2023-05-25
misc.mailouts.schwab,2023-05-25,=EMAIL=,1871959,107867.29,2023-08-02 22:47,2023-05-25 - 2023-05-25
misc.mailouts.schwab,2023-05-25,MAILINGLIST,7071625,10290.81,2023-08-02 22:47,2023-05-25 - 2023-05-25
rrrpsclepsd.sv.schwab,2023-05-25,MAILINGLIST,1,0.00,2023-08-02 22:47,2023-05-25 - 2023-05-25
schwab.dom.repository,2023-05-25,=EMAIL=,704601,42981.26,2023-08-02 22:47,2023-05-25 - 2023-05-25
sps.external.email.sv.schwab,2023-05-25,MAILINGLIST,1,0.00,2023-08-02 22:47,2023-05-25 - 2023-05-25
carlsbad.branch.h.sv.schwab,2023-05-24,=EMAIL=,1,0.00,2023-08-02 22:48,2023-05-24 - 2023-05-24
fax.advice.schwab,2023-05-24,=EMAIL=,71,0.04,2023-08-02 22:48,2023-05-24 - 2023-05-24
fax.advice.schwab,2023-05-24,MAILINGLIST,3,0.00,2023-08-02 22:48,2023-05-24 - 2023-05-24
fax.branch.schwab,2023-05-24,=EMAIL=,973,0.47,2023-08-02 22:48,2023-05-24 - 2023-05-24
fax.branch.schwab,2023-05-24,MAILINGLIST,2,0.00,2023-08-02 22:48,2023-05-24 - 2023-05-24
misc.mailouts.schwab,2023-05-24,=EMAIL=,1437651,99447.52,2023-08-02 22:48,2023-05-24 - 2023-05-24
misc.mailouts.schwab,2023-05-24,MAILINGLIST,150944,221.68,2023-08-02 22:48,2023-05-24 - 2023-05-24
schwab.dom.repository,2023-05-24,=EMAIL=,515565,20606.95,2023-08-02 22:48,2023-05-24 - 2023-05-24
carlsbad.branch.h.sv.schwab,2023-05-23,=EMAIL=,3,0.00,2023-08-02 22:49,2023-05-23 - 2023-05-23
fax.advice.schwab,2023-05-23,=EMAIL=,199,0.10,2023-08-02 22:49,2023-05-23 - 2023-05-23
fax.advice.schwab,2023-05-23,MAILINGLIST,5,0.00,2023-08-02 22:49,2023-05-23 - 2023-05-23
fax.branch.schwab,2023-05-23,=EMAIL=,1141,0.55,2023-08-02 22:49,2023-05-23 - 2023-05-23
fax.branch.schwab,2023-05-23,MAILINGLIST,33,0.01,2023-08-02 22:49,2023-05-23 - 2023-05-23
misc.mailouts.schwab,2023-05-23,=EMAIL=,8473233,115991.20,2023-08-02 22:49,2023-05-23 - 2023-05-23
misc.mailouts.schwab,2023-05-23,MAILINGLIST,495481,722.53,2023-08-02 22:49,2023-05-23 - 2023-05-23
rrrpsclepsd.sv.schwab,2023-05-23,=EMAIL=,1,0.00,2023-08-02 22:49,2023-05-23 - 2023-05-23
schwab.dom.repository,2023-05-23,=EMAIL=,5386320,212596.55,2023-08-02 22:49,2023-05-23 - 2023-05-23
sps.external.email.sv.schwab,2023-05-23,=EMAIL=,2,0.00,2023-08-02 22:49,2023-05-23 - 2023-05-23
carlsbad.branch.h.sv.schwab,2023-05-22,=EMAIL=,1,0.00,2023-08-02 22:50,2023-05-22 - 2023-05-22
fax.advice.schwab,2023-05-22,=EMAIL=,52,0.03,2023-08-02 22:50,2023-05-22 - 2023-05-22
fax.advice.schwab,2023-05-22,MAILINGLIST,19,0.01,2023-08-02 22:50,2023-05-22 - 2023-05-22
fax.branch.schwab,2023-05-22,=EMAIL=,206,0.11,2023-08-02 22:50,2023-05-22 - 2023-05-22
fax.branch.schwab,2023-05-22,MAILINGLIST,111,0.05,2023-08-02 22:50,2023-05-22 - 2023-05-22
misc.mailouts.schwab,2023-05-22,=EMAIL=,1103293,59846.60,2023-08-02 22:50,2023-05-22 - 2023-05-22
misc.mailouts.schwab,2023-05-22,MAILINGLIST,2018970,2941.24,2023-08-02 22:50,2023-05-22 - 2023-05-22
rrrpsclepsd.sv.schwab,2023-05-22,=EMAIL=,1,0.00,2023-08-02 22:50,2023-05-22 - 2023-05-22
schwab.dom.repository,2023-05-22,=EMAIL=,1166879,46454.23,2023-08-02 22:50,2023-05-22 - 2023-05-22
carlsbad.branch.h.sv.schwab,2023-05-21,MAILINGLIST,1,0.00,2023-08-02 22:51,2023-05-21 - 2023-05-21
fax.advice.schwab,2023-05-21,=EMAIL=,4,0.00,2023-08-02 22:51,2023-05-21 - 2023-05-21
fax.advice.schwab,2023-05-21,MAILINGLIST,36,0.02,2023-08-02 22:51,2023-05-21 - 2023-05-21
fax.branch.schwab,2023-05-21,=EMAIL=,7,0.00,2023-08-02 22:51,2023-05-21 - 2023-05-21
fax.branch.schwab,2023-05-21,MAILINGLIST,133,0.06,2023-08-02 22:51,2023-05-21 - 2023-05-21
misc.mailouts.schwab,2023-05-21,=EMAIL=,159210,9006.12,2023-08-02 22:51,2023-05-21 - 2023-05-21
misc.mailouts.schwab,2023-05-21,MAILINGLIST,2408874,3476.86,2023-08-02 22:51,2023-05-21 - 2023-05-21
schwab.dom.repository,2023-05-21,=EMAIL=,21477,745.15,2023-08-02 22:51,2023-05-21 - 2023-05-21
fax.advice.schwab,2023-05-20,=EMAIL=,32,0.02,2023-08-02 22:52,2023-05-20 - 2023-05-20
fax.advice.schwab,2023-05-20,MAILINGLIST,24,0.01,2023-08-02 22:52,2023-05-20 - 2023-05-20
fax.branch.schwab,2023-05-20,=EMAIL=,117,0.06,2023-08-02 22:52,2023-05-20 - 2023-05-20
fax.branch.schwab,2023-05-20,MAILINGLIST,107,0.05,2023-08-02 22:52,2023-05-20 - 2023-05-20
misc.mailouts.schwab,2023-05-20,=EMAIL=,720650,51630.82,2023-08-02 22:52,2023-05-20 - 2023-05-20
misc.mailouts.schwab,2023-05-20,MAILINGLIST,2038973,2968.03,2023-08-02 22:52,2023-05-20 - 2023-05-20
schwab.dom.repository,2023-05-20,=EMAIL=,23913,840.95,2023-08-02 22:52,2023-05-20 - 2023-05-20
carlsbad.branch.h.sv.schwab,2023-05-19,=EMAIL=,1,0.00,2023-08-02 22:53,2023-05-19 - 2023-05-19
carlsbad.branch.h.sv.schwab,2023-05-19,MAILINGLIST,1,0.00,2023-08-02 22:53,2023-05-19 - 2023-05-19
fax.advice.schwab,2023-05-19,=EMAIL=,67,0.03,2023-08-02 22:53,2023-05-19 - 2023-05-19
fax.advice.schwab,2023-05-19,MAILINGLIST,25,0.01,2023-08-02 22:53,2023-05-19 - 2023-05-19
fax.branch.schwab,2023-05-19,=EMAIL=,252,0.13,2023-08-02 22:53,2023-05-19 - 2023-05-19
fax.branch.schwab,2023-05-19,MAILINGLIST,128,0.06,2023-08-02 22:53,2023-05-19 - 2023-05-19
misc.mailouts.schwab,2023-05-19,=EMAIL=,1829715,102820.55,2023-08-02 22:53,2023-05-19 - 2023-05-19
misc.mailouts.schwab,2023-05-19,MAILINGLIST,1915770,2789.08,2023-08-02 22:53,2023-05-19 - 2023-05-19
schwab.dom.repository,2023-05-19,=EMAIL=,339353,13886.73,2023-08-02 22:53,2023-05-19 - 2023-05-19
carlsbad.branch.h.sv.schwab,2023-05-18,=EMAIL=,1,0.00,2023-08-02 22:54,2023-05-18 - 2023-05-18
carlsbad.branch.h.sv.schwab,2023-05-18,MAILINGLIST,2,0.00,2023-08-02 22:54,2023-05-18 - 2023-05-18
fax.advice.schwab,2023-05-18,=EMAIL=,98,0.05,2023-08-02 22:54,2023-05-18 - 2023-05-18
fax.advice.schwab,2023-05-18,MAILINGLIST,23,0.01,2023-08-02 22:54,2023-05-18 - 2023-05-18
fax.branch.schwab,2023-05-18,=EMAIL=,474,0.24,2023-08-02 22:54,2023-05-18 - 2023-05-18
fax.branch.schwab,2023-05-18,MAILINGLIST,107,0.05,2023-08-02 22:54,2023-05-18 - 2023-05-18
misc.mailouts.schwab,2023-05-18,=EMAIL=,1766400,106399.76,2023-08-02 22:54,2023-05-18 - 2023-05-18
misc.mailouts.schwab,2023-05-18,MAILINGLIST,1528988,2220.70,2023-08-02 22:54,2023-05-18 - 2023-05-18
schwab.dom.repository,2023-05-18,=EMAIL=,715384,33375.88,2023-08-02 22:54,2023-05-18 - 2023-05-18
fax.advice.schwab,2023-05-17,=EMAIL=,44,0.02,2023-08-02 22:55,2023-05-17 - 2023-05-17
fax.advice.schwab,2023-05-17,MAILINGLIST,2,0.00,2023-08-02 22:55,2023-05-17 - 2023-05-17
fax.branch.schwab,2023-05-17,=EMAIL=,1029,0.51,2023-08-02 22:55,2023-05-17 - 2023-05-17
fax.branch.schwab,2023-05-17,MAILINGLIST,11,0.01,2023-08-02 22:55,2023-05-17 - 2023-05-17
misc.mailouts.schwab,2023-05-17,=EMAIL=,1567566,108353.80,2023-08-02 22:55,2023-05-17 - 2023-05-17
misc.mailouts.schwab,2023-05-17,MAILINGLIST,124971,182.83,2023-08-02 22:55,2023-05-17 - 2023-05-17
schwab.dom.repository,2023-05-17,=EMAIL=,475944,19239.62,2023-08-02 22:55,2023-05-17 - 2023-05-17
carlsbad.branch.h.sv.schwab,2023-05-16,=EMAIL=,3,0.00,2023-08-02 22:56,2023-05-16 - 2023-05-16
fax.advice.schwab,2023-05-16,=EMAIL=,117,0.06,2023-08-02 22:56,2023-05-16 - 2023-05-16
fax.advice.schwab,2023-05-16,MAILINGLIST,7,0.00,2023-08-02 22:56,2023-05-16 - 2023-05-16
fax.branch.schwab,2023-05-16,=EMAIL=,610,0.31,2023-08-02 22:56,2023-05-16 - 2023-05-16
fax.branch.schwab,2023-05-16,MAILINGLIST,41,0.02,2023-08-02 22:56,2023-05-16 - 2023-05-16
misc.mailouts.schwab,2023-05-16,=EMAIL=,3451366,103322.30,2023-08-02 22:56,2023-05-16 - 2023-05-16
misc.mailouts.schwab,2023-05-16,MAILINGLIST,410862,597.96,2023-08-02 22:56,2023-05-16 - 2023-05-16
rrrpsclepsd.sv.schwab,2023-05-16,=EMAIL=,1,0.00,2023-08-02 22:56,2023-05-16 - 2023-05-16
schwab.dom.repository,2023-05-16,=EMAIL=,7297498,582668.39,2023-08-02 22:56,2023-05-16 - 2023-05-16
sps.external.email.sv.schwab,2023-05-16,=EMAIL=,1,0.00,2023-08-02 22:56,2023-05-16 - 2023-05-16
carlsbad.branch.h.sv.schwab,2023-05-15,=EMAIL=,1,0.00,2023-08-02 22:57,2023-05-15 - 2023-05-15
carlsbad.branch.h.sv.schwab,2023-05-15,MAILINGLIST,1,0.00,2023-08-02 22:57,2023-05-15 - 2023-05-15
fax.advice.schwab,2023-05-15,=EMAIL=,60,0.03,2023-08-02 22:57,2023-05-15 - 2023-05-15
fax.advice.schwab,2023-05-15,MAILINGLIST,27,0.01,2023-08-02 22:57,2023-05-15 - 2023-05-15
fax.branch.schwab,2023-05-15,=EMAIL=,1164,0.57,2023-08-02 22:57,2023-05-15 - 2023-05-15
fax.branch.schwab,2023-05-15,MAILINGLIST,132,0.06,2023-08-02 22:57,2023-05-15 - 2023-05-15
misc.mailouts.schwab,2023-05-15,=EMAIL=,1074089,54089.42,2023-08-02 22:57,2023-05-15 - 2023-05-15
misc.mailouts.schwab,2023-05-15,MAILINGLIST,1979328,2868.19,2023-08-02 22:57,2023-05-15 - 2023-05-15
schwab.dom.repository,2023-05-15,=EMAIL=,2196778,85850.52,2023-08-02 22:57,2023-05-15 - 2023-05-15
